model_name,cEXT,cNEU,cAGR,cCON,cOPN,f1-average
SVM,0.6198,0.5159,0.6566,0.5655,0.6606,0.60368
XGBoost,0.6241,0.4938,0.5823,0.5914,0.6228,0.5828800000000001
Random,0.5779,0.4883,0.5945,0.5455,0.602,0.5616399999999999
BERT_small,0.6453,0.6716,0.6786,0.685,0.6522,0.6665
BERT_Large,0.6428,0.6545,0.6814,0.6537,0.5849,0.6435
RoBERTa,0.654,0.6594,0.6879,0.7071,0.6809,0.6779
RoBERTa_Large,0.6527,0.6558,0.684,0.7043,0.4658,0.6325
